{
	"pages": [ /*pages数组中第一项表示应用启动页，参考：https://uniapp.dcloud.io/collocation/pages*/		
		{
			"path": "pages/login/login",
			"style": {
				"navigationBarTitleText": "江苏海栋化纤"
			}
		},{
			"path": "pages/index/index",
			"style": {
				"navigationBarTitleText": "首页",
				"navigationStyle": "custom"
			}
		},
		{
			"path": "pages/category/category",
			"style": {
				"navigationBarTitleText": "验证登录"
			}
		},{
			"path": "pages/instorage/instorage",
			"style": {
				"navigationBarTitleText": "入库",
				"enablePullDownRefresh": true,
				"onReachBottomDistance":50
			}
		},{
			"path": "pages/outstorage/outstorage",
			"style": {
				"navigationBarTitleText": "出库",
				"enablePullDownRefresh": false
			}
		}
		,{
			"path": "pages/list/count",
			"style": {
				"navigationBarTitleText": "查询统计",
				"navigationStyle": "custom"
			}
		}, {
			"path": "pages/list/apply",
			"style": {
				"navigationBarTitleText": "送货申请单",
				"enablePullDownRefresh": false,
				"navigationStyle": "custom"
			}
			
		}, {
			"path": "pages/list/delivery",
			"style": {
				"navigationBarTitleText": "出库单",
				"navigationStyle": "custom"
			}
			
		}, 
		{
			"path": "pages/detail/detail",
			"style": {
				"navigationBarTitleText": "订单详情",
				"navigationStyle": "custom"
			}
			
		}, {
			"path": "pages/list/permit",
			"style": {
				"navigationBarTitleText": "出门证",
				"navigationStyle": "custom"
			}
		}, {
			"path": "pages/list/returnOrder",
			"style": {
				"navigationBarTitleText": "退货单",
				"navigationStyle": "custom"
			}
		}, {
			"path": "pages/list/review",
			"style": {
				"navigationBarTitleText": "审核",
				"navigationStyle": "custom"
			}
		}, {
			"path": "pages/list/shipping",
			"style": {
				"navigationBarTitleText": "送货单",
				"navigationStyle": "custom"
			}
		}, {
			"path": "pages/list/detail",
			"style": {
				"navigationBarTitleText": "详情",
				"navigationStyle": "custom"
			}
		},{
			"path": "pages/baseInfo/customer",
			"style": {
				"navigationBarTitleText": "客户信息"
			}
		}, {
			"path": "pages/baseInfo/transit",
			"style": {
				"navigationBarTitleText": "运输公司"
			}
		}, {
			"path": "pages/logistics/info",
			"style": {
				"navigationBarTitleText": "物流信息"
			}
		}, {
			"path": "pages/logistics/detail",
			"style": {
				"navigationBarTitleText": "物流信息"
			}
		}
		// {
		// 	"path": "pages/logistics/review",
		// 	"style": {
		// 		"navigationBarTitleText": "物流审核"
		// 	}
		// }	   

    ],
	"globalStyle": {
		"navigationBarTextStyle": "white",
		"navigationBarTitleText": "WMS库管系统",
		"navigationBarBackgroundColor": "#0051d4",
		"backgroundColor": "#fff"
	}
	// "tabBar": {
	// 	"color":"#8a8a8a",
	// 	"selectedColor":"#0051d4",
	// 	"list":[
	// 		{
	// 			"pagePath":"pages/index/index",
	// 			"selectedIconPath":"static/tabBar/indexS.png",
	// 			"iconPath":"static/tabBar/index.png",
	// 			"text":"首页"
	// 		},{
	// 			"pagePath":"pages/search/search",
	// 			"selectedIconPath":"static/tabBar/searchS.png",
	// 			"iconPath":"static/tabBar/search.png",
	// 			"text":"订单"
	// 		},
	// 		 {
	// 		 	"pagePath":"pages/uchat/uchat",
	// 		 	"selectedIconPath":"static/tabBar/tubiaoS.png",
	// 		 	"iconPath":"static/tabBar/tubiao.png",
	// 		 	"text":"库存"
	// 		 },
	// 		{
	// 			"pagePath":"pages/ucenter/ucenter",
	// 			"selectedIconPath":"static/tabBar/ucenterS.png",
	// 			"iconPath":"static/tabBar/ucenter.png",
	// 			"text":"我的"
	// 		}
	// 	]
	// }
}
